start_year,end_year,beta_all_young,beta_all_middle,beta_all_elderly,mu_all_young,mu_all_middle,mu_all_elderly,R2(healthy),R2(care),R2(death)
2001.0,2004.0,-0.0022,0.0087,0.067610806,0.0,0.0,0.0075,0.994611611658206,0.9754780707383763,0.9960832987151312
2004.0,2007.0,-0.0094,0.009,0.044,0.0,0.0,0.0034,0.9967931412928867,0.990353402163102,0.9874154900855001
2007.0,2010.0,0.0046,0.018,0.072,0.0,0.0,0.0,0.9933889598757084,0.9857318651542886,0.9857970801805489
2010.0,2013.0,-0.017,0.0055,0.038,0.00089,0.0,0.0096,0.9957350636358511,0.9954461616047621,0.986665366256331
2013.0,2016.0,-0.0012,0.011,0.048,0.0,0.0,0.003,0.9963241234960493,0.9955728088005247,0.9836952065718697
2016.0,2019.0,-0.0039,0.013,0.052,0.0,0.0,0.0078,0.9961832257789592,0.994617175338078,0.9819539780163857
